doc_id,title,doc_type,scheme,scheme_category,source_url,as_of_date,tier,ingest,local_filename,fetched_at,notes
sbimf_factsheet_2026_06,All SBI MF Schemes Factsheet — June 2026,factsheet,All schemes,,https://www.sbimf.com/docs/default-source/scheme-factsheets/all-sbimf-schemes-factsheet-june-2026.pdf?sfvrsn=40d486d1_4,2026-06-30,1,yes,,,"Tier-1 core corpus. Multi-scheme factsheet."
sbimf_factsheet_2026_01,All SBI MF Schemes Factsheet — January 2026,factsheet,All schemes,,https://www.sbimf.com/docs/default-source/scheme-factsheets/all-sbimf-schemes-factsheet-january-2026.pdf?sfvrsn=13623cf6_4,2026-01-31,1,yes,,,"Tier-1 core corpus. Multi-scheme factsheet."
sbimf_sid_bluechip,SID — SBI Bluechip Fund,sid,SBI Bluechip Fund,Large Cap,https://www.sbimf.com/docs/default-source/scheme-portfolios/default-library/sid---sbi-bluechip-funda5760b9af54a4698b67a2e0dde9082c2.pdf?sfvrsn=7e3c4dc0_0,2025-06-30,1,yes,,,"Tier-1. June 2026 factsheet names this scheme SBI Large Cap Fund (previously SBI BlueChip Fund)."
sbimf_sid_lte,SID — SBI Long Term Equity Fund,sid,SBI Long Term Equity Fund,ELSS,https://www.sbimf.com/docs/default-source/lists/sid---sbi-long-term-equity-fund.pdf?sfvrsn=4ed0dd3c_0,2025-06-30,1,yes,,,"Tier-1 core corpus."
sbimf_ter_page,SBI MF Total Expense Ratio,ter_page,All schemes,,https://www.sbimf.com/total-expense-ratio-of-mutual-fund-schemes,2026-06-30,1,no,,,"NOT embedded: JavaScript-rendered page with no scheme rows. Expense ratio is covered by factsheet TER columns, the Base TER notice, and the SEBI investor FAQ."
sbimf_factsheet_bluechip_2025_08,SBI Bluechip Fund Factsheet — August 2025,factsheet,SBI Bluechip Fund,Large Cap,https://www.sbimf.com/docs/default-source/scheme-factsheets/sbi-blue-chip-fund-factsheet-august-2025.pdf?sfvrsn=d1496a6e_2,2025-08-31,2,yes,,,"Scheme factsheet. One-page vector drawings may flag PDF_NO_RULED_TABLES."
sbimf_factsheet_lte_2024_07,SBI Long Term Equity Fund Factsheet — July 2024,factsheet,SBI Long Term Equity Fund,ELSS,https://www.sbimf.com/docs/default-source/scheme-factsheets/sbi-long-term-equity-fund-factsheet-july-2024.pdf?sfvrsn=3980ad9e_2,2024-07-31,2,yes,,,"Scheme factsheet. One-page vector drawings may flag PDF_NO_RULED_TABLES."
sbimf_kim_flexicap,KIM — SBI Flexicap Fund,kim,SBI Flexicap Fund,Flexi Cap,https://www.sbimf.com/docs/default-source/default-library/kim---sbi-flexicap-fund0bc48eb83bf949309a7d16b37b3031b0.pdf?sfvrsn=263dc738_0,2025-06-30,2,yes,,,"Key Information Memorandum."
sbimf_sid_smallcap,SID — SBI Small Cap Fund,sid,SBI Small Cap Fund,Small Cap,https://www.sbimf.com/docs/default-source/lists/sid_kim/sid---sbi-small-cap-fund.pdf?sfvrsn=46afc239_0,2025-06-30,2,yes,,,"Scheme SID."
sbimf_elss_campaign,SBI ELSS Tax Saver Fund campaign page,campaign,SBI Long Term Equity Fund,ELSS,https://www.sbimf.com/campaign/sbi-long-term-equity-fund,2026-01-01,2,yes,,,"Campaign copy lives inside a form; drop form controls only."
sbimf_ter_notice_2025_05_30,Base TER change notice w.e.f. 30.05.2025,ter_notice,All schemes,,https://www.sbimf.com/docs/default-source/expense-ratio/base-ter-change-w-e-f-30-05-2025.pdf?sfvrsn=d65d1ea6_2,2025-05-30,2,yes,,,"Date-scoped Base TER revision."
sbimf_disclosure_hub,SBI MF Disclosures hub,disclosure_hub,All schemes,,https://www.sbimf.com/disclosure,2026-01-01,2,no,,,"NOT embedded: JavaScript listing grid (Loading...)."
sbimf_factsheets_hub,SBI MF Factsheets hub,disclosure_hub,All schemes,,https://www.sbimf.com/factsheets,2026-01-01,2,no,,,"NOT embedded: JavaScript listing grid."
sbimf_ways_to_invest,SBI MF Ways to Invest,guide,All schemes,,https://www.sbimf.com/ways-to-invest,2026-01-01,2,yes,,,"Statement and investment-channel steps."
sbimf_tax_reckoner_fy2026_27,SBI MF Tax Reckoner FY 2026-27,tax_reckoner,All schemes,,https://www.sbimf.com/docs/default-source/pdf/sbi-mf-tax-reckoner-fy-2026-27.pdf?Status=Temp&sfvrsn=99ff7222_2,2026-04-01,2,yes,,,"Tax treatment reference for FY 2026-27."
cams_capital_gain_statement,CAMS Capital Gain/Loss Statement,guide,All schemes,,https://www.camsonline.com/Investors/Statements/Capital-Gain&Capital-Loss-statement,2025-01-01,3,no,,,"NOT embedded: Angular SPA returning an empty app-root."
cams_single_folio_statement,CAMS Single Folio Account Statement,guide,All schemes,,https://www.camsonline.com/Investors/Statements/Single-Folio-Account-Statement,2025-01-01,3,no,,,"NOT embedded: Angular SPA returning an empty app-root."
amfi_cas,AMFI Consolidated Account Statement,guide,All schemes,,https://www.amfiindia.com/investor/become-mf-distributor?zoneName=consolidatedAcct,2025-01-01,3,yes,,,"How to obtain a consolidated account statement."
sebi_mf_faq_2024_09,SEBI FAQs for Mutual Fund Investors,regulator_faq,All schemes,,https://www.sebi.gov.in/sebi_data/faqfiles/sep-2024/1727242783639.pdf,2024-09-30,3,yes,,,"Regulator FAQ PDF dated from the September 2024 path."
sebi_exit_load,SEBI Investor — Exit Load,regulator_faq,All schemes,,https://investor.sebi.gov.in/exit_load.html,2025-01-01,3,yes,,,"Regulator explanation of exit load."
mfcentral,MFCentral,guide,All schemes,,https://www.mfcentral.com/,2025-01-01,4,no,,,"Linked only. Educational / service portal, not embedded."
sebi_riskometer_mirror,SEBI risk-o-meter circular (third-party mirror),regulator_faq,All schemes,,https://www.caalley.com/sebi24/1730809272616.pdf,2024-11-05,5,no,,,"Excluded third-party mirror. Host must stay off the fetch allowlist."
amfi_categorization,AMFI Categorization of Mutual Fund Schemes,guide,All schemes,,https://www.amfiindia.com/investor/knowledge-center-info?zoneName=CategorizationOfMutualFundSchemes,2025-01-01,4,no,,,"Linked only. Educational refusal target."
amfi_scheme_types,AMFI Types of Mutual Fund Schemes,guide,All schemes,,https://www.amfiindia.com/investor/knowledge-center-info?zoneName=TypesOfMutualFundSchemes,2025-01-01,4,no,,,"Linked only. Educational refusal target."
